project_age_tier,total,found,prevalence_pct
<1 year,33751,1664,4.930224289650677
1-<3 years,34896,474,1.358321870701513
3-<5 years,26320,246,0.9346504559270516
5+ years,56681,422,0.7445175632046012
