month,found,total,prevalence_pct
2025-10,9,6857,0.13125273443196733
2025-11,22,14723,0.1494260680567819
2025-12,39,18281,0.21333625075214704
2026-01,208,27328,0.7611241217798594
2026-02,2524,84322,2.993287635492517
2026-03,4,137,2.9197080291970803
