project_size_tier,total,found,prevalence_pct
<1 MB,57457,734,1.2774770698087266
1-<10 MB,54753,1309,2.390736580643983
10-<100 MB,35564,1238,3.4810482510403777
100+ MB,11357,535,4.71075107862992
