project_age_tier,total,found,prevalence_pct
<1 year,35847,2262,6.310151477111055
1-<3 years,36607,676,1.8466413527467425
3-<5 years,27358,316,1.1550551940931355
5+ years,59319,562,0.947419882331125
