language,total,found_count,prevalence_pct
TypeScript,29358,1420,4.836841746712992
Python,45613,1029,2.2559358077740996
Go,15786,366,2.3185100722158873
Rust,12641,359,2.8399651926271656
JavaScript,16892,233,1.3793511721524983
C#,8713,132,1.5149776196488007
Java,8823,114,1.292077524651479
PHP,7198,80,1.1114198388441234
C++,9098,60,0.6594856012310398
C,4994,23,0.460552663195835
(unknown),15,0,0.0
