contributor_tier,total,found,prevalence_pct
0-1,29525,724,2.4521591871295514
2-5,56645,1386,2.4468179009621327
6-20,44060,814,1.8474807081252838
21-100,23487,581,2.4737088602205475
101+,5410,310,5.730129390018484
