language,total,found_count,prevalence_pct,ci_lo,ci_hi,ci_err_lo,ci_err_hi
Python,185,8,4.324324324324325,2.2072062083177713,8.299800722358523,2.1171181160065533,3.975476398034198
