project_size_tier,total,found,prevalence_pct
<1 MB,56858,672,1.181891730275423
1-<10 MB,54080,1184,2.1893491124260356
10-<100 MB,35122,1137,3.2372871704344854
100+ MB,11248,508,4.516358463726885
