contributor_tier,total,found,prevalence_pct
0-1,29054,665,2.2888414676120328
2-5,56018,1306,2.3313934806669283
6-20,43655,772,1.7684114076279922
21-100,23306,555,2.3813610229125546
101+,5376,306,5.691964285714286
