project_size_tier,total,found,prevalence_pct
<1 MB,56853,667,1.173201062388968
1-<10 MB,54068,1172,2.1676407486868388
10-<100 MB,35118,1133,3.2262657326727036
100+ MB,11246,506,4.499377556464521
