contributor_tier,total,found,prevalence_pct
0-1,29024,641,2.2085170893054022
2-5,55963,1265,2.2604220645783824
6-20,43630,751,1.7212926885170754
21-100,23295,545,2.3395578450311225
101+,5367,297,5.53381777529346
