contributor_tier,total,found,prevalence_pct
0-1,29018,635,2.1882969191536286
2-5,55954,1256,2.2447010043964686
6-20,43626,747,1.7122816668958878
21-100,23292,542,2.3269792203331616
101+,5366,296,5.516213194185613
