language,total,found_count,prevalence_pct
TypeScript,29009,1357,4.677858595608259
Python,44733,929,2.076766592895625
Go,15616,352,2.2540983606557377
Rust,12587,349,2.7727019941209186
JavaScript,16808,216,1.285102332222751
C#,8679,127,1.4633022237584976
Java,8763,112,1.2781011069268515
PHP,7131,80,1.1218622914037302
C++,9087,60,0.6602839220864972
C,4984,23,0.46147672552166935
(unknown),15,0,0.0
