project_size_tier,total,found,prevalence_pct
<1 MB,56871,685,1.204480315099084
1-<10 MB,54126,1230,2.2724753353286777
10-<100 MB,35152,1167,3.3198680018206645
100+ MB,11263,523,4.643523040042617
