project_age_tier,total,found,prevalence_pct
<1 year,32086,1912,5.958985227201895
1-<3 years,37300,695,1.8632707774798927
3-<5 years,27581,311,1.1275878322033284
5+ years,60318,560,0.9284127457806957
