language,total,found_count,prevalence_pct
TypeScript,28972,1320,4.556123153389479
Python,44708,904,2.0220094837612956
Rust,12579,341,2.7108673185467844
Go,15601,337,2.160117941157618
JavaScript,16801,209,1.243973573001607
C#,8678,126,1.4519474533302603
Java,8758,107,1.2217401233158256
PHP,7127,76,1.0663673354847762
C++,9085,58,0.6384149697303247
C,4984,23,0.46147672552166935
(unknown),15,0,0.0
