project_age_tier,total,found,prevalence_pct
<1 year,32065,1928,6.012786527366287
1-<3 years,37327,698,1.869960082513998
3-<5 years,27571,312,1.1316238076239526
5+ years,60345,563,0.9329687629463915
