project_age_tier,total,found,prevalence_pct
<1 year,34732,2083,5.9973511459173094
1-<3 years,36249,647,1.7848768241882536
3-<5 years,27287,316,1.1580606149448456
5+ years,59144,559,0.9451508183416746
